{
  "use_multithreading_planning": true,
  "enable_traffic_scenario": true,
  "use_qp_path_obtimizer": false,
  "use_qp_speed_obtimizer": true,
  "change_lane_buffer": 10,
  "dp_path_config": {
    "sample_per_level": [
      1,
      1,
      1,
      1
    ],
    "lane_change_sample_per_level": [
      5,
      5,
      1,
      1,
      1,
      1,
      1,
      1,
      1,
      1,
      1,
      1,
      1,
      1,
      1,
      1,
      1,
      1,
      1,
      1
    ],
    "first_sample_point_forward_time": 1.3,
    "step_length_max": 80.0,
    "step_length_min": 2.0,
    "first_step_length_min": 12.0,
    "lateral_sample_offset": 0.5,
    "lateral_adjust_coeff": 0.5,
    "eval_time_interval": 0.1,
    "path_resolution": 1.0,
    "lookup_speeds": [
      3.0,
      8.0,
      15.0
    ],
    "l_cost": [
      100.0,
      10.0,
      1.0
    ],
    "dl_cost": [
      10000.0,
      2000.0,
      1000.0
    ],
    "ddl_cost": [
      1.0,
      10000.0,
      50000.0
    ],
    "dddl_cost": [
      0.0,
      40000.0,
      200000.0
    ],
    "safety_cost_normalize_coeffs_middle": [
      10.0,
      8.0,
      2.0
    ],
    "safety_cost_normalize_coeffs_side": [
      50.0,
      10.0,
      2.0
    ],
    "s_cost_normalize_coeff": 10.0,
    "time_for_desired_first_s": 4.0,
    "s_cost_max": 20.0,
    "min_unit_width": 0.2,
    "min_sample_distance": 50.0,
    "boundary_buffer": 0.20,
    "physically_not_l_buffer": 0.6,
    "lane_boundary_slope": 5.0,
    "static_decision_nudge_l_buffer": 0.5,
    "safety_cost_weight": 1e8,
    "smooth_cost_weight": 1.0,
    "dp_path_augment_ratio": 100.0,
    "partition_path": 16,
    "box_expand": 0.4,
    "dp_path_safety_weight": 0.05,
    "static_obs_buffer": 2.0,
    "not_drivable_decel": -2.0,
    "thres_static_speed": 1.0,
    "obstacle_cost_config": {
      "follow_time": 0.2,
      "overtake_time": 1.5,
      "min_distance_follow": 5.0,
      "min_distance_overtake": 5.0,
      "obstacle_ignore_distance": 20.0,
      "min_lat_distance": 0.5,
      "thres_low_speed": 5.0,
      "thres_high_speed": 30.0,
      "obs_slope": 8.0e4,
      "lateral_ignore_buffer": 3.0,
      "safety_weight": 0.5,
      "comfort_weight": 0.0,
      "addition_lat_distance": 1.5,
      "lon_distance_buffer": 2.0,
      "efficiency_cutoff_speed": 6.0,
      "efficiency_weight": 12000.0,
      "enable_max_obs_cost_obj": true,
      "enable_max_obs_cost_time": true,
      "ratio_max_obs_cost_time": 16.5
    },
    "use_close_speed_limit": true,
    "use_kappa_approx": false,
    "enable_sample_out_of_boundary": true,
    "enable_sample_l_offset": true,
    "enable_crossable_lenient": true,
    "enable_path_first_point_steer_accel_check": true,
    "use_normalized_dp_path_cost": true,
    "lateral_extend_low_speed_threshold": 5.5,
    "lateral_extend_high_speed_threshold": 13.8,
    "lateral_extend_min_distance": 0.7,
    "lateral_extend_max_distance": 1.5,
    "enable_merge_in_junction": true,
    "distance_enable_merge_in_overlaped_lane": 50.0
  },
  "path_decider_config": {
    "enable_nudge": true,
    "enable_side_pass": false,
    "lateral_ignore_buffer": 3.0,
    "static_decision_nudge_l_buffer": 0.5
  },
  "dp_speed_config": {
    "total_path_length": 50.0,
    "matrix_dimension_s": 2001,
    "matrix_dimension_t": 11,
    "max_acceleration": 0.4,
    "max_deceleration": 2.0,
    "max_jerk_plus": 1.0,
    "max_jerk_minus": 1.0,
    "default_obstacle_cost": 100,
    "obstacle_extra_cost_coeff": 3.0,
    "cruise_cost": 8.0,
    "follow_time_buffer": 6.0,
    "follow_min_distance": 12.0,
    "overtake_time_buffer": 1.5,
    "overtake_min_distance": 5.0,
    "lookup_speeds_for_penalty": [
      0.0,
      2.0,
      8.0,
      20.0,
      25.0
    ],
    "accels_penalty": [
      8.0,
      15.0,
      25.0,
      40.0,
      100.0
    ],
    "jerks_penalty": [
      20.0,
      30.0,
      30.0,
      80.0,
      300.0
    ],
    "lookup_speeds_for_lat_comfort": [
      2.0
    ],
    "lat_accels_penalty": [
      60.0
    ],
    "lat_jerks_penalty": [
      60.0
    ],
    "st_boundary_config": {
      "boundary_buffer": 0.1,
      "high_speed_centric_acceleration_limit": 2.0,
      "low_speed_centric_acceleration_limit": 2.0,
      "high_speed_threshold": 12.58,
      "low_speed_threshold": 7.5,
      "minimal_kappa": 0.00001,
      "point_extension": 0.5,
      "lowest_speed": 0.4,
      "num_points_to_avg_kappa": 2,
      "centri_jerk_speed_coeff": 1.0,
      "nudge_ratio_start_lb": 0.0,
      "nudge_ratio_start_offset": 0.8,
      "thres_offset_deg": 10.0,
      "enable_speed_first_point_steer_accel_check": true,
      "max_init_speed_decrease": 5.0
    },
    "efficiency_cutoff_speed": 6.0,
    "efficiency_weight": 12000.0,
    "safety_weight": 0.0
  },
  "qp_speed_config": {
    "total_path_length": 200.0,
    "max_acceleration": 0.5,
    "max_deceleration": -2.5,
    "qp_spline_config": {
      "number_of_discrete_graph_t": 4,
      "spline_order": 5,
      "lookup_speeds_for_weight": [
        20.0,
        30.0
      ],
      "accels_kernel_weight": [
        5.0,
        10.0
      ],
      "jerks_kernel_weight": [
        10.0,
        20.0
      ],
      "regularization_weight": 0.01,
      "dp_st_reference_weight": 5.0,
      "init_jerk_kernel_weight": 100000
    },
    "st_boundary_config": {
      "boundary_buffer": 0.1,
      "high_speed_centric_acceleration_limit": 2.0,
      "low_speed_centric_acceleration_limit": 2.0,
      "high_speed_threshold": 12.58,
      "low_speed_threshold": 7.5,
      "minimal_kappa": 0.00001,
      "point_extension": 0.5,
      "lowest_speed": 0.4,
      "num_points_to_avg_kappa": 2,
      "centri_jerk_speed_coeff": 1.0,
      "thres_offset_deg": 10.0,
      "routing_speed_limit_time_thresh": 20.0,
      "speed_limit_debug": true
    }
  },
  "qp_piecewise_jerk_path_config": {
    "path_resolution": 1.0,
    "qp_delta_s": 1.0,
    "min_look_ahead_time": 6.0,
    "min_look_ahead_distance": 60.0,
    "lateral_buffer": 0.2,
    "path_output_resolution": 0.1
  },
  "speed_profile_generator_config": {
    "max_deceleration": -3.5,
    "min_stop_deceleration": -0.2,
    "min_jerk": -3.0,
    "max_jerk": 3.0
  },
  "trajectory_safety_config": {
    "eval_time_interval": 0.1,
    "box_expand": 0.4,
    "enable_extended_efficiency_cost": true,
    "obstacle_cost_config": {
      "follow_time": 1.5,
      "overtake_time": 1.5,
      "min_distance_follow": 5.0,
      "min_distance_overtake": 5.0,
      "obstacle_ignore_distance": 20.0,
      "min_lat_distance": 0.5,
      "thres_low_speed": 5.0,
      "thres_high_speed": 30.0,
      "obs_slope": 6.0e4,
      "lateral_ignore_buffer": 4.0,
      "safety_weight": 0.5,
      "comfort_weight": 0.0,
      "addition_lat_distance": 1.5,
      "lon_distance_buffer": 1.0,
      "efficiency_cutoff_speed": 6.0,
      "efficiency_weight": 15000.0,
      "enable_max_obs_cost_obj": true,
      "enable_max_obs_cost_time": true,
      "ratio_max_obs_cost_time": 16.5
    },
    "efficiency_cost_diff_max": 35000.0,
    "standing_cost_config": {
      "lower_vel_threshold": 0.25,
      "upper_vel_threshold": 0.4,
      "virtual_min_threshold_dist": 15.0,
      "virtual_max_threshold_dist": 100.0,
      "start_threshold_dist": 50.0,
      "reset_threshold_dist": 50.0,
      "max_standing_cost": 50000.0
    },
    "parked_car_l_threshold": 1.2,
    "trajectory_time_high_density_period": 2.0,
    "lane_change_debug": false,
    "use_close_speed_limit": true,
    "enable_trajectory_shifting": false
  },
  "enable_debug_file_store": false,
  "enable_async_debug_file_store": false,
  "enable_debug_info_publish": true,
  "enable_debug_info_st_grid_publish": false
}