{
  "vehicle_param": {
    "front_edge_to_center": 3.9624,
    "back_edge_to_center": 1.2192,
    "left_edge_to_center": 1.075,
    "right_edge_to_center": 1.075,
    "length": 5.1816,
    "width": 2.150,
    "height": 1.477,
    "min_turn_radius": 3.0,
    "max_acceleration": 3.0,
    "max_deceleration": -5.0,
    "max_steer_angle": 444.0,
    "max_steer_angle_rate": 0.42454,
    "min_steer_angle_rate": 0.00236,
    "steer_ratio": 16.47,
    "wheel_base": 2.7,
    "wheel_rolling_radius": 0.3334,
    "pitch_offset": 0.00718
  }
}