{
  "vehicle_param": {
    "front_edge_to_center": 3.89,
    "back_edge_to_center": 1.043,
    "left_edge_to_center": 0.93218,
    "right_edge_to_center": 0.93218,
    "length": 4.93014,
    "width": 2.11,
    "height": 1.47828,
    "min_turn_radius": 4.6,
    "max_acceleration": 3.0,
    "max_deceleration": -5.0,
    "max_steer_angle": 470.0,
    "max_steer_angle_rate": 360.0,
    "min_steer_angle_rate": 2.0,
    "steer_ratio": 14.8,
    "wheel_base": 2.85,
    "wheel_rolling_radius": 0.32893,
    "pitch_offset": 0.00718
  }
}