{
  "use_multi_thread": true,
  "enable_multi_refernce_line": true,
  "reference_line_smoother_cfg": {
    "max_constraint_interval": 5.0,
    "longitudinal_boundary_bound": 2.0,
    "lateral_boundary_bound": 0.2,
    "num_of_total_points": 500,
    "curb_shift": 0.2,
    "lateral_buffer": 0.2,
    "qp_spline": {
      "spline_order": 5,
      "max_spline_length": 25.0,
      "regularization_weight": 1.0,
      "second_derivative_weight": 10.0,
      "third_derivative_weight": 0.0
    }
  },
  "look_backward_distance": 30.0,
  "look_forward_short_distance": 180.0,
  "look_forward_long_distance": 250.0,
  "smoothed_reference_line_max_diff": 5.0
}