{
  "config": [
    {
      "rule_id": "BACKSIDE_VEHICLE",
      "enabled": false,
      "backside_vehicle": {
        "backside_lane_width": 4
      }
    },
    {
      "rule_id": "CROSSWALK",
      "enabled": true,
      "crosswalk": {
        "stop_distance": 1,
        "max_stop_deceleration": 6,
        "min_pass_s_distance": 1,
        "max_stop_speed": 0.3,
        "max_valid_stop_distance": 3.5,
        "expand_s_distance": 2,
        "stop_strict_l_distance": 4,
        "stop_loose_l_distance": 8,
        "stop_timeout": 40,
        "ped_in_crosswalk_speed_limit": 6.0,
        "crosswalk_use_us_rule": false,
        "enable_slowdown_near_crosswalk": false,
        "cross_walk_start_slowdown_distance": 100,
        "crosswalk_speed_limit": 8.33,
        "crosswalk_stop_for_other_reference_wait_time": 3.0
      }
    },
    {
      "rule_id": "DESTINATION",
      "enabled": false,
      "destination": {
        "stop_distance": 0.5
      }
    },
    {
      "rule_id": "KEEP_CLEAR",
      "enabled": false,
      "keep_clear": {
        "enable_keep_clear_zone": true,
        "enable_junction": true,
        "min_pass_s_distance": 2,
        "align_with_traffic_sign_tolerance": 4.5
      }
    },
    {
      "rule_id": "REFERENCE_LINE_END",
      "enabled": false,
      "reference_line_end": {
        "stop_distance": 0.5,
        "min_reference_line_remain_length": 50
      }
    },
    {
      "rule_id": "REROUTING",
      "enabled": false,
      "rerouting": {
        "cooldown_time": 3,
        "prepare_rerouting_time": 2
      }
    },
    {
      "rule_id": "STOP_SIGN",
      "enabled": true,
      "stop_sign": {
        "enabled": true,
        "stop_distance": 1
      }
    },
    {
      "rule_id": "TRAFFIC_LIGHT",
      "enabled": true,
      "traffic_light": {
        "enabled": true,
        "stop_distance": 1,
        "max_stop_deceleration": 6,
        "enable_unprotected_right_turn": true,
        "unknown_traffic_light_standing_time": 3.0
      }
    },
    {
      "rule_id": "YIELD",
      "enabled": true,
      "yield": {
        "enabled": true,
        "max_yield_speed": 2.0
      }
    }
  ]
}