{
  "waypoint": [
    {
      "pose": {
        "x": 10616,
        "y": 2020.13
      }
    },
    {
      "pose": {
        "x": 10445.9,
        "y": 2337.44
      }
    },
    {
      "pose": {
        "x": 9244.91,
        "y": 1483.44
      }
    },
    {
      "pose": {
        "x": 9231.52,
        "y": 1476.18
      }
    },
    {
      "pose": {
        "x": 6316.75,
        "y": 146.555
      }
    },
    {
      "pose": {
        "x": 6271.93,
        "y": 135.101
      }
    },
    {
      "pose": {
        "x": 6235.54,
        "y": 130.1
      }
    },
    {
      "pose": {
        "x": 6206.75,
        "y": 123.016
      }
    },
    {
      "pose": {
        "x": 6154.43,
        "y": 108.201
      }
    },
    {
      "pose": {
        "x": 5958.13,
        "y": 12.1138
      }
    },
    {
      "pose": {
        "x": 4718.29,
        "y": -422.821
      }
    },
    {
      "pose": {
        "x": -5506.8,
        "y": 927.644
      }
    },
    {
      "pose": {
        "x": -6451,
        "y": 687
      }
    },
    {
      "pose": {
        "x": -7938.89,
        "y": 224.363
      }
    },
    {
      "pose": {
        "x": -7992.17,
        "y": 217.529
      }
    },
    {
      "pose": {
        "x": -8323.64,
        "y": 182.287
      }
    },
    {
      "pose": {
        "x": -9734.17,
        "y": -232.865
      }
    },
    {
      "pose": {
        "x": -9753.76,
        "y": -622.485
      }
    },
    {
      "pose": {
        "x": -10355.7,
        "y": -885.96
      }
    }
  ]
}