{
    "waypoint": [
        {
            "pose": {
                "x": -333.2,
                "y": 2550.4
            }
        },
        {
            "pose": {
                "x": 1230.91,
                "y": 2730.59
            }
        },
        {
            "pose": {
                "x": 210,
                "y": 2767.92
            }
        },
        {
            "pose": {
                "x": -470,
                "y": 3882.4
            }
        },
        {
            "pose": {
                "x": -2116.6,
                "y": 5060.86
            }
        },
        {
            "pose": {
                "x": -332.6,
                "y": 2553.4
            }
        }
    ]
}