{
  "waypoint": [
    {
      "pose": {
        "x": 135.016,
        "y": 95.3893
      }
    },
    {
      "pose": {
        "x": 136.9,
        "y": 54.7001
      }
    },
    {
      "pose": {
        "x": 136.567,
        "y": -87.2301
      }
    },
    {
      "pose": {
        "x": 142.489,
        "y": -546.158
      }
    },
    {
      "pose": {
        "x": 148.8,
        "y": -796.8
      }
    },
    {
      "pose": {
        "x": 618.4,
        "y": -845.1
      }
    },
    {
      "pose": {
        "x": 1538.69,
        "y": -457.837
      }
    },
    {
      "pose": {
        "x": 1285.21,
        "y": -600.544
      }
    },
    {
      "pose": {
        "x": 1309.14,
        "y": -716.425
      }
    },
    {
      "pose": {
        "x": 165.8,
        "y": -792.3
      }
    },
    {
      "pose": {
        "x": 152.497,
        "y": -476.916
      }
    },
    {
      "pose": {
        "x": 159.44,
        "y": -24.6266
      }
    },
  ]
}