{
  "waypoint": [
    {
      "pose": {
        "x": 5995.9,
        "y": -2138.6
      }
    },
    {
      "pose": {
        "x": 5766.14,
        "y": -2831.88
      }
    },
    {
      "pose": {
        "x": 4879.75,
        "y": -3940.65
      }
    },
    {
      "pose": {
        "x": 4462.33,
        "y": -3570.05
      }
    },
    {
      "pose": {
        "x": 4638.74,
        "y": -2801.98
      }
    },
    {
      "pose": {
        "x": 3572.58,
        "y": -1960.04
      }
    },
    {
      "pose": {
        "x": 5630.19,
        "y": -2031.07
      }
    },
        {
      "pose": {
        "x": 6030.4,
        "y": -2137.1
      }
    }
  ]
}