{
 "waypoint": [
  {
   "pose": {
    "x": -552.767,
    "y": 274.437
   }
  },
  {
   "pose": {
    "x": 36.3084,
    "y": 565.654
   }
  },
  {
   "pose": {
    "x": 1204.81,
    "y": 753.904
   }
  },
  {
   "pose": {
    "x": 2750.8,
    "y": 1288.75
   }
  },
  {
   "pose": {
    "x": 3212.38,
    "y": 1540.43
   }
  },
  {
   "pose": {
    "x": 3747.46,
    "y": 2523.27
   }
  },
  {
   "pose": {
    "x": 5208.37,
    "y": 3465.19
   }
  },
  {
   "pose": {
    "x": 5390.31,
    "y": 3567.76
   }
  },
  {
   "pose": {
    "x": 5750.95,
    "y": 3827.9
   }
  },
  {
   "pose": {
    "x": 6094.9,
    "y": 4205
   }
  },
  {
   "pose": {
    "x": 7117.34,
    "y": 5648.84
   }
  },
  {
   "pose": {
    "x": 7328,
    "y": 5933.56
   }
  },
  {
   "pose": {
    "x": 7659.48,
    "y": 6388.82
   }
  }
 ]
}
