{
    "use_apollo": true,
    "route_from_bag": false,
    "routing_request": {
        "waypoint": [
            {
                "pose": {
                    "x": 228.00566101074219,
                    "y": -1058.8336181640625
                }
            },
            {
                "pose": {
                    "x": 228.00566101074219,
                    "y": -1060.8336181640625
                }
            },
            {
                "pose": {
                    "x": 226.00566101074219,
                    "y": -1060.8336181640625
                }
            },
            {
                "pose": {
                    "x": 226.00566101074219,
                    "y": -1058.8336181640625
                }
            }
        ]
    }
}