{
    "waypoint": [
        {
            "pose": {
                "x": -333.2,
                "y": 2550.4
            }
        },
        {
            "pose": {
                "x": 1230.91,
                "y": 2730.59
            }
        },
        {
            "pose": {
                "x": 2086.5,
                "y": 4242.6
            }
        },
        {
            "pose": {
                "x": 210,
                "y": 2767.92
            }
        },
        {
            "pose": {
                "x": -332.6,
                "y": 2553.4
            }
        }
    ]
}