{
  "waypoint": [
    {
      "pose": {
        "x": 6064.44,
        "y": -2266.41
      }
    },
    {
      "pose": {
        "x": 5766.14,
        "y": -2831.88
      }
    },
    {
      "pose": {
        "x": 4879.75,
        "y": -3940.65
      }
    },
    {
      "pose": {
        "x": 4743.4,
        "y": -2829.04
      }
    },
    {
      "pose": {
        "x": 4751.3,
        "y": -2558.3
      }
    },
    {
      "pose": {
        "x": 6058.8,
        "y": -2252.1
      }
    }
  ]
}