{
  "waypoint": [
    {
      "pose": {
        "x": -10285.2,
        "y": -245.482
      }
    },
    {
      "pose": {
        "x": -10135.3,
        "y": 51.1786
      }
    },
    {
      "pose": {
        "x": -9848.16,
        "y": -292.049
      }
    },
    {
      "pose": {
        "x": -9622.29,
        "y": -165.497
      }
    },
    {
      "pose": {
        "x": -9583.82,
        "y": -132.838
      }
    },
    {
      "pose": {
        "x": -3297.81,
        "y": 566.08
      }
    },
    {
      "pose": {
        "x": 5938.6,
        "y": -26.4291
      }
    },
    {
      "pose": {
        "x": 9252.5,
        "y": 1459
      }
    },
    {
      "pose": {
        "x": 10219.3,
        "y": 1734
      }
    },
    {
      "pose": {
        "x": 10618.8,
        "y": 2007.39
      }
    },
    {
      "pose": {
        "x": 10454.1,
        "y": 2335.9
      }
    },
  ]
}