{
  "waypoint": [
    {
      "pose": {
        "x": -10492.5,
        "y": -929.286
      }
    },
    {
      "pose": {
        "x": -9666.3,
        "y": -595.387
      }
    },
    {
      "pose": {
        "x": -9433.85,
        "y": -1062.56
      }
    },
    {
      "pose": {
        "x": -10073.6,
        "y": -1148.25
      }
    },
    {
      "pose": {
        "x": -10398.5,
        "y": -1185.17
      }
    },
    {
      "pose": {
        "x": -10582.1,
        "y": -913.072
      }
    },
    {
      "pose": {
        "x": -10584.9,
        "y": -864.582
      }
    },
    {
      "pose": {
        "x": -10578.1,
        "y": -747.028
      }
    },
    {
      "pose": {
        "x": -10371.8,
        "y": -607.298
      }
    },
    {
      "pose": {
        "x": -10204.4,
        "y": -496.369
      }
    },
    {
      "pose": {
        "x": -9897.72,
        "y": -361.607
      }
    },
    {
      "pose": {
        "x": -9734.29,
        "y": -501.568
      }
    },
    {
      "pose": {
        "x": -9755.32,
        "y": -623.125
      }
    },
    {
      "pose": {
        "x": -10251.1,
        "y": -855.7
      }
    },
    {
      "pose": {
        "x": -10358.7,
        "y": -886.481
      }
    },
  ]
}