<?xml version="1.0" encoding="UTF-8"?>
<rqt_multiplot>
    <table>
        <background_color>#ffffff</background_color>
        <foreground_color>#000000</foreground_color>
        <link_cursor>false</link_cursor>
        <link_scale>false</link_scale>
        <plots>
            <row_0>
                <column_0>
                    <axes>
                        <axes>
                            <x_axis>
                                <custom_title>ROS time[second]</custom_title>
                                <title_type>1</title_type>
                                <title_visible>true</title_visible>
                            </x_axis>
                            <y_axis>
                                <custom_title>speed[m/s]</custom_title>
                                <title_type>1</title_type>
                                <title_visible>true</title_visible>
                            </y_axis>
                        </axes>
                    </axes>
                    <curves>
                        <curve_0>
                            <axes>
                                <x_axis>
                                    <field>cur_time</field>
                                    <field_type>0</field_type>
                                    <scale>
                                        <absolute_maximum>1000</absolute_maximum>
                                        <absolute_minimum>0</absolute_minimum>
                                        <relative_maximum>0</relative_maximum>
                                        <relative_minimum>-20</relative_minimum>
                                        <type>2</type>
                                    </scale>
                                    <topic>/planner/rqt_info</topic>
                                    <type>common_submodule/PlanningRqtInfo</type>
                                </x_axis>
                                <y_axis>
                                    <field>speed</field>
                                    <field_type>0</field_type>
                                    <scale>
                                        <absolute_maximum>1000</absolute_maximum>
                                        <absolute_minimum>0</absolute_minimum>
                                        <relative_maximum>2.5</relative_maximum>
                                        <relative_minimum>-2.5</relative_minimum>
                                        <type>0</type>
                                    </scale>
                                    <topic>/planner/rqt_info</topic>
                                    <type>common_submodule/PlanningRqtInfo</type>
                                </y_axis>
                            </axes>
                            <color>
                                <custom_color>#000000</custom_color>
                                <type>0</type>
                            </color>
                            <data>
                                <circular_buffer_capacity>1000</circular_buffer_capacity>
                                <time_frame_length>10</time_frame_length>
                                <type>0</type>
                            </data>
                            <style>
                                <lines_interpolate>false</lines_interpolate>
                                <pen_style>1</pen_style>
                                <pen_width>2</pen_width>
                                <render_antialias>false</render_antialias>
                                <steps_invert>false</steps_invert>
                                <sticks_baseline>0</sticks_baseline>
                                <sticks_orientation>2</sticks_orientation>
                                <type>0</type>
                            </style>
                            <subscriber_queue_size>100</subscriber_queue_size>
                            <title>speed[m/s]</title>
                        </curve_0>
                    </curves>
                    <legend>
                        <visible>true</visible>
                    </legend>
                    <plot_rate>30</plot_rate>
                    <title>speed[m/s]</title>
                </column_0>
                <column_1>
                    <axes>
                        <axes>
                            <x_axis>
                                <custom_title>ROS time[second]</custom_title>
                                <title_type>1</title_type>
                                <title_visible>true</title_visible>
                            </x_axis>
                            <y_axis>
                                <custom_title>yaw_rate[deg/s]</custom_title>
                                <title_type>1</title_type>
                                <title_visible>true</title_visible>
                            </y_axis>
                        </axes>
                    </axes>
                    <curves>
                        <curve_0>
                            <axes>
                                <x_axis>
                                    <field>cur_time</field>
                                    <field_type>0</field_type>
                                    <scale>
                                        <absolute_maximum>1000</absolute_maximum>
                                        <absolute_minimum>0</absolute_minimum>
                                        <relative_maximum>0</relative_maximum>
                                        <relative_minimum>-20</relative_minimum>
                                        <type>2</type>
                                    </scale>
                                    <topic>/planner/rqt_info</topic>
                                    <type>common_submodule/PlanningRqtInfo</type>
                                </x_axis>
                                <y_axis>
                                    <field>yaw_rate</field>
                                    <field_type>0</field_type>
                                    <scale>
                                        <absolute_maximum>1000</absolute_maximum>
                                        <absolute_minimum>0</absolute_minimum>
                                        <relative_maximum>0</relative_maximum>
                                        <relative_minimum>-1000</relative_minimum>
                                        <type>0</type>
                                    </scale>
                                    <topic>/planner/rqt_info</topic>
                                    <type>common_submodule/PlanningRqtInfo</type>
                                </y_axis>
                            </axes>
                            <color>
                                <custom_color>#000000</custom_color>
                                <type>0</type>
                            </color>
                            <data>
                                <circular_buffer_capacity>1000</circular_buffer_capacity>
                                <time_frame_length>10</time_frame_length>
                                <type>0</type>
                            </data>
                            <style>
                                <lines_interpolate>false</lines_interpolate>
                                <pen_style>1</pen_style>
                                <pen_width>2</pen_width>
                                <render_antialias>false</render_antialias>
                                <steps_invert>false</steps_invert>
                                <sticks_baseline>0</sticks_baseline>
                                <sticks_orientation>2</sticks_orientation>
                                <type>0</type>
                            </style>
                            <subscriber_queue_size>100</subscriber_queue_size>
                            <title>yaw_rate[deg/s]</title>
                        </curve_0>
                    </curves>
                    <legend>
                        <visible>true</visible>
                    </legend>
                    <plot_rate>30</plot_rate>
                    <title>yaw_rate[deg/s]</title>
                </column_1>
                <column_2>
                    <axes>
                        <axes>
                            <x_axis>
                                <custom_title>ROS time[second]</custom_title>
                                <title_type>1</title_type>
                                <title_visible>true</title_visible>
                            </x_axis>
                            <y_axis>
                                <custom_title>ay[m/s^2]</custom_title>
                                <title_type>1</title_type>
                                <title_visible>true</title_visible>
                            </y_axis>
                        </axes>
                    </axes>
                    <curves>
                        <curve_0>
                            <axes>
                                <x_axis>
                                    <field>cur_time</field>
                                    <field_type>0</field_type>
                                    <scale>
                                        <absolute_maximum>1000</absolute_maximum>
                                        <absolute_minimum>0</absolute_minimum>
                                        <relative_maximum>0</relative_maximum>
                                        <relative_minimum>-20</relative_minimum>
                                        <type>2</type>
                                    </scale>
                                    <topic>/planner/rqt_info</topic>
                                    <type>common_submodule/PlanningRqtInfo</type>
                                </x_axis>
                                <y_axis>
                                    <field>ay</field>
                                    <field_type>0</field_type>
                                    <scale>
                                        <absolute_maximum>1000</absolute_maximum>
                                        <absolute_minimum>0</absolute_minimum>
                                        <relative_maximum>0</relative_maximum>
                                        <relative_minimum>-1000</relative_minimum>
                                        <type>0</type>
                                    </scale>
                                    <topic>/planner/rqt_info</topic>
                                    <type>common_submodule/PlanningRqtInfo</type>
                                </y_axis>
                            </axes>
                            <color>
                                <custom_color>#000000</custom_color>
                                <type>0</type>
                            </color>
                            <data>
                                <circular_buffer_capacity>1000</circular_buffer_capacity>
                                <time_frame_length>10</time_frame_length>
                                <type>0</type>
                            </data>
                            <style>
                                <lines_interpolate>false</lines_interpolate>
                                <pen_style>1</pen_style>
                                <pen_width>2</pen_width>
                                <render_antialias>false</render_antialias>
                                <steps_invert>false</steps_invert>
                                <sticks_baseline>0</sticks_baseline>
                                <sticks_orientation>2</sticks_orientation>
                                <type>0</type>
                            </style>
                            <subscriber_queue_size>100</subscriber_queue_size>
                            <title>ay[m/s^2]</title>
                        </curve_0>
                    </curves>
                    <legend>
                        <visible>true</visible>
                    </legend>
                    <plot_rate>30</plot_rate>
                    <title>ay[m/s]</title>
                </column_2>
            </row_0>
            <row_1>
                <column_0>
                    <axes>
                        <axes>
                            <x_axis>
                                <custom_title>ROS time[second]</custom_title>
                                <title_type>1</title_type>
                                <title_visible>true</title_visible>
                            </x_axis>
                            <y_axis>
                                <custom_title>vy[m/s]</custom_title>
                                <title_type>1</title_type>
                                <title_visible>true</title_visible>
                            </y_axis>
                        </axes>
                    </axes>
                    <curves>
                        <curve_0>
                            <axes>
                                <x_axis>
                                    <field>cur_time</field>
                                    <field_type>0</field_type>
                                    <scale>
                                        <absolute_maximum>1000</absolute_maximum>
                                        <absolute_minimum>0</absolute_minimum>
                                        <relative_maximum>0</relative_maximum>
                                        <relative_minimum>-20</relative_minimum>
                                        <type>2</type>
                                    </scale>
                                    <topic>/planner/rqt_info</topic>
                                    <type>common_submodule/PlanningRqtInfo</type>
                                </x_axis>
                                <y_axis>
                                    <field>vy</field>
                                    <field_type>0</field_type>
                                    <scale>
                                        <absolute_maximum>1000</absolute_maximum>
                                        <absolute_minimum>0</absolute_minimum>
                                        <relative_maximum>0.5</relative_maximum>
                                        <relative_minimum>-0.5</relative_minimum>
                                        <type>0</type>
                                    </scale>
                                    <topic>/planner/rqt_info</topic>
                                    <type>common_submodule/PlanningRqtInfo</type>
                                </y_axis>
                            </axes>
                            <color>
                                <custom_color>#000000</custom_color>
                                <type>0</type>
                            </color>
                            <data>
                                <circular_buffer_capacity>1000</circular_buffer_capacity>
                                <time_frame_length>10</time_frame_length>
                                <type>0</type>
                            </data>
                            <style>
                                <lines_interpolate>false</lines_interpolate>
                                <pen_style>1</pen_style>
                                <pen_width>2</pen_width>
                                <render_antialias>false</render_antialias>
                                <steps_invert>false</steps_invert>
                                <sticks_baseline>0</sticks_baseline>
                                <sticks_orientation>2</sticks_orientation>
                                <type>0</type>
                            </style>
                            <subscriber_queue_size>100</subscriber_queue_size>
                            <title>vy[m/s]</title>
                        </curve_0>
                    </curves>
                    <legend>
                        <visible>true</visible>
                    </legend>
                    <plot_rate>30</plot_rate>
                    <title>vy[m/s]</title>
                </column_0>
                <column_1>
                    <axes>
                        <axes>
                            <x_axis>
                                <custom_title>ROS time[second]</custom_title>
                                <title_type>1</title_type>
                                <title_visible>true</title_visible>
                            </x_axis>
                            <y_axis>
                                <custom_title>front_wheel_steer[deg]</custom_title>
                                <title_type>1</title_type>
                                <title_visible>true</title_visible>
                            </y_axis>
                        </axes>
                    </axes>
                    <curves>
                        <curve_0>
                            <axes>
                                <x_axis>
                                    <field>cur_time</field>
                                    <field_type>0</field_type>
                                    <scale>
                                        <absolute_maximum>1000</absolute_maximum>
                                        <absolute_minimum>0</absolute_minimum>
                                        <relative_maximum>0</relative_maximum>
                                        <relative_minimum>-20</relative_minimum>
                                        <type>2</type>
                                    </scale>
                                    <topic>/planner/rqt_info</topic>
                                    <type>common_submodule/PlanningRqtInfo</type>
                                </x_axis>
                                <y_axis>
                                    <field>front_wheel_angle</field>
                                    <field_type>0</field_type>
                                    <scale>
                                        <absolute_maximum>35</absolute_maximum>
                                        <absolute_minimum>-35</absolute_minimum>
                                        <relative_maximum>0</relative_maximum>
                                        <relative_minimum>-1000</relative_minimum>
                                        <type>1</type>
                                    </scale>
                                    <topic>/planner/rqt_info</topic>
                                    <type>common_submodule/PlanningRqtInfo</type>
                                </y_axis>
                            </axes>
                            <color>
                                <custom_color>#000000</custom_color>
                                <type>0</type>
                            </color>
                            <data>
                                <circular_buffer_capacity>1000</circular_buffer_capacity>
                                <time_frame_length>10</time_frame_length>
                                <type>0</type>
                            </data>
                            <style>
                                <lines_interpolate>false</lines_interpolate>
                                <pen_style>1</pen_style>
                                <pen_width>2</pen_width>
                                <render_antialias>false</render_antialias>
                                <steps_invert>false</steps_invert>
                                <sticks_baseline>0</sticks_baseline>
                                <sticks_orientation>1</sticks_orientation>
                                <type>0</type>
                            </style>
                            <subscriber_queue_size>100</subscriber_queue_size>
                            <title>front_wheel_angle[deg]</title>
                        </curve_0>
                    </curves>
                    <legend>
                        <visible>true</visible>
                    </legend>
                    <plot_rate>30</plot_rate>
                    <title>front_wheel_steer[deg]</title>
                </column_1>
                <column_2>
                    <axes>
                        <axes>
                            <x_axis>
                                <custom_title>ROS time[second]</custom_title>
                                <title_type>1</title_type>
                                <title_visible>true</title_visible>
                            </x_axis>
                            <y_axis>
                                <custom_title>jx[m/s^3]</custom_title>
                                <title_type>1</title_type>
                                <title_visible>true</title_visible>
                            </y_axis>
                        </axes>
                    </axes>
                    <curves>
                        <curve_0>
                            <axes>
                                <x_axis>
                                    <field>cur_time</field>
                                    <field_type>0</field_type>
                                    <scale>
                                        <absolute_maximum>1000</absolute_maximum>
                                        <absolute_minimum>0</absolute_minimum>
                                        <relative_maximum>0</relative_maximum>
                                        <relative_minimum>-20</relative_minimum>
                                        <type>2</type>
                                    </scale>
                                    <topic>/planner/rqt_info</topic>
                                    <type>common_submodule/PlanningRqtInfo</type>
                                </x_axis>
                                <y_axis>
                                    <field>jx</field>
                                    <field_type>0</field_type>
                                    <scale>
                                        <absolute_maximum>1000</absolute_maximum>
                                        <absolute_minimum>0</absolute_minimum>
                                        <relative_maximum>0</relative_maximum>
                                        <relative_minimum>-1000</relative_minimum>
                                        <type>0</type>
                                    </scale>
                                    <topic>/planner/rqt_info</topic>
                                    <type>common_submodule/PlanningRqtInfo</type>
                                </y_axis>
                            </axes>
                            <color>
                                <custom_color>#000000</custom_color>
                                <type>0</type>
                            </color>
                            <data>
                                <circular_buffer_capacity>1000</circular_buffer_capacity>
                                <time_frame_length>10</time_frame_length>
                                <type>0</type>
                            </data>
                            <style>
                                <lines_interpolate>false</lines_interpolate>
                                <pen_style>1</pen_style>
                                <pen_width>2</pen_width>
                                <render_antialias>false</render_antialias>
                                <steps_invert>false</steps_invert>
                                <sticks_baseline>0</sticks_baseline>
                                <sticks_orientation>2</sticks_orientation>
                                <type>0</type>
                            </style>
                            <subscriber_queue_size>100</subscriber_queue_size>
                            <title>jx[m/s^3]</title>
                        </curve_0>
                    </curves>
                    <legend>
                        <visible>true</visible>
                    </legend>
                    <plot_rate>30</plot_rate>
                    <title>jx[m/s^3]</title>
                </column_2>
            </row_1>
            <row_2>
                <column_0>
                    <axes>
                        <axes>
                            <x_axis>
                                <custom_title>ROS time[second]</custom_title>
                                <title_type>1</title_type>
                                <title_visible>true</title_visible>
                            </x_axis>
                            <y_axis>
                                <custom_title>ax[m/s^2]</custom_title>
                                <title_type>1</title_type>
                                <title_visible>true</title_visible>
                            </y_axis>
                        </axes>
                    </axes>
                    <curves>
                        <curve_0>
                            <axes>
                                <x_axis>
                                    <field>cur_time</field>
                                    <field_type>0</field_type>
                                    <scale>
                                        <absolute_maximum>1000</absolute_maximum>
                                        <absolute_minimum>0</absolute_minimum>
                                        <relative_maximum>0</relative_maximum>
                                        <relative_minimum>-20</relative_minimum>
                                        <type>2</type>
                                    </scale>
                                    <topic>/planner/rqt_info</topic>
                                    <type>common_submodule/PlanningRqtInfo</type>
                                </x_axis>
                                <y_axis>
                                    <field>ax</field>
                                    <field_type>0</field_type>
                                    <scale>
                                        <absolute_maximum>1.1</absolute_maximum>
                                        <absolute_minimum>-0.1</absolute_minimum>
                                        <relative_maximum>1.1</relative_maximum>
                                        <relative_minimum>-0.1</relative_minimum>
                                        <type>0</type>
                                    </scale>
                                    <topic>/planner/rqt_info</topic>
                                    <type>common_submodule/PlanningRqtInfo</type>
                                </y_axis>
                            </axes>
                            <color>
                                <custom_color>#000000</custom_color>
                                <type>0</type>
                            </color>
                            <data>
                                <circular_buffer_capacity>1000</circular_buffer_capacity>
                                <time_frame_length>10</time_frame_length>
                                <type>0</type>
                            </data>
                            <style>
                                <lines_interpolate>false</lines_interpolate>
                                <pen_style>1</pen_style>
                                <pen_width>2</pen_width>
                                <render_antialias>false</render_antialias>
                                <steps_invert>false</steps_invert>
                                <sticks_baseline>0</sticks_baseline>
                                <sticks_orientation>2</sticks_orientation>
                                <type>0</type>
                            </style>
                            <subscriber_queue_size>100</subscriber_queue_size>
                            <title>ax[m/s^2]</title>
                        </curve_0>
                    </curves>
                    <legend>
                        <visible>true</visible>
                    </legend>
                    <plot_rate>30</plot_rate>
                    <title>ax[m/s^2]</title>
                </column_0>
                <column_1>
                    <axes>
                        <axes>
                            <x_axis>
                                <custom_title>ROS time[second]</custom_title>
                                <title_type>1</title_type>
                                <title_visible>true</title_visible>
                            </x_axis>
                            <y_axis>
                                <custom_title>stwl_angle_rate[deg/s]</custom_title>
                                <title_type>1</title_type>
                                <title_visible>true</title_visible>
                            </y_axis>
                        </axes>
                    </axes>
                    <curves>
                        <curve_0>
                            <axes>
                                <x_axis>
                                    <field>cur_time</field>
                                    <field_type>0</field_type>
                                    <scale>
                                        <absolute_maximum>1000</absolute_maximum>
                                        <absolute_minimum>0</absolute_minimum>
                                        <relative_maximum>0</relative_maximum>
                                        <relative_minimum>-20</relative_minimum>
                                        <type>2</type>
                                    </scale>
                                    <topic>/planner/rqt_info</topic>
                                    <type>common_submodule/PlanningRqtInfo</type>
                                </x_axis>
                                <y_axis>
                                    <field>stwl_angle_rate</field>
                                    <field_type>0</field_type>
                                    <scale>
                                        <absolute_maximum>1000</absolute_maximum>
                                        <absolute_minimum>0</absolute_minimum>
                                        <relative_maximum>360</relative_maximum>
                                        <relative_minimum>-360</relative_minimum>
                                        <type>2</type>
                                    </scale>
                                    <topic>/planner/rqt_info</topic>
                                    <type>common_submodule/PlanningRqtInfo</type>
                                </y_axis>
                            </axes>
                            <color>
                                <custom_color>#000000</custom_color>
                                <type>0</type>
                            </color>
                            <data>
                                <circular_buffer_capacity>1000</circular_buffer_capacity>
                                <time_frame_length>10</time_frame_length>
                                <type>0</type>
                            </data>
                            <style>
                                <lines_interpolate>false</lines_interpolate>
                                <pen_style>1</pen_style>
                                <pen_width>2</pen_width>
                                <render_antialias>false</render_antialias>
                                <steps_invert>false</steps_invert>
                                <sticks_baseline>0</sticks_baseline>
                                <sticks_orientation>2</sticks_orientation>
                                <type>0</type>
                            </style>
                            <subscriber_queue_size>100</subscriber_queue_size>
                            <title>stwl_angle_rate[deg/s]</title>
                        </curve_0>
                    </curves>
                    <legend>
                        <visible>true</visible>
                    </legend>
                    <plot_rate>30</plot_rate>
                    <title>stwl_angle_rate[deg/s]</title>
                </column_1>
                <column_2>
                    <axes>
                        <axes>
                            <x_axis>
                                <custom_title>ROS time[second]</custom_title>
                                <title_type>1</title_type>
                                <title_visible>true</title_visible>
                            </x_axis>
                            <y_axis>
                                <custom_title>jy[m/s^3]</custom_title>
                                <title_type>1</title_type>
                                <title_visible>true</title_visible>
                            </y_axis>
                        </axes>
                    </axes>
                    <curves>
                        <curve_0>
                            <axes>
                                <x_axis>
                                    <field>cur_time</field>
                                    <field_type>0</field_type>
                                    <scale>
                                        <absolute_maximum>1000</absolute_maximum>
                                        <absolute_minimum>0</absolute_minimum>
                                        <relative_maximum>0</relative_maximum>
                                        <relative_minimum>-20</relative_minimum>
                                        <type>2</type>
                                    </scale>
                                    <topic>/planner/rqt_info</topic>
                                    <type>common_submodule/PlanningRqtInfo</type>
                                </x_axis>
                                <y_axis>
                                    <field>jy</field>
                                    <field_type>0</field_type>
                                    <scale>
                                        <absolute_maximum>1000</absolute_maximum>
                                        <absolute_minimum>0</absolute_minimum>
                                        <relative_maximum>0</relative_maximum>
                                        <relative_minimum>-1000</relative_minimum>
                                        <type>0</type>
                                    </scale>
                                    <topic>/planner/rqt_info</topic>
                                    <type>common_submodule/PlanningRqtInfo</type>
                                </y_axis>
                            </axes>
                            <color>
                                <custom_color>#000000</custom_color>
                                <type>0</type>
                            </color>
                            <data>
                                <circular_buffer_capacity>1000</circular_buffer_capacity>
                                <time_frame_length>10</time_frame_length>
                                <type>0</type>
                            </data>
                            <style>
                                <lines_interpolate>false</lines_interpolate>
                                <pen_style>1</pen_style>
                                <pen_width>2</pen_width>
                                <render_antialias>false</render_antialias>
                                <steps_invert>false</steps_invert>
                                <sticks_baseline>0</sticks_baseline>
                                <sticks_orientation>2</sticks_orientation>
                                <type>0</type>
                            </style>
                            <subscriber_queue_size>100</subscriber_queue_size>
                            <title>jy[m/s^3]</title>
                        </curve_0>
                    </curves>
                    <legend>
                        <visible>true</visible>
                    </legend>
                    <plot_rate>30</plot_rate>
                    <title>jy[m/s^3]</title>
                </column_2>
            </row_2>
        </plots>
        <track_points>false</track_points>
    </table>
</rqt_multiplot>
